,year,future_pred
0,2020,41288.69409441762
1,2021,42117.15916964039
2,2022,42945.624244862935
3,2023,43774.08932008571
